"14.514869444","35.815369444","CABN_BB_0045",""
"14.512869444","35.812533333","CABN_BB_0046",""
"0","0","CABN_BB_0060",""
"14.529713889","35.826227778","CABN_BB_0066",""
"14.528202778","35.826502778","CABN_BB_0067",""
"14.526997222","35.825166667","CABN_BB_0068",""
"14.527880556","35.823763889","CABN_BB_0069",""
"14.528138889","35.822777778","CABN_BB_0070",""
"14.528538889","35.820938889","CABN_BB_0071",""
"0","0","CABN_BB_0093",""
"14.545227778","35.834502778","CABN_BB_0135",""
"14.5422","35.839675","CABN_BB_0136",""
"14.541505556","35.840311111","CABN_BB_0137",""
"14.543461111","35.840694444","CABN_BB_0138",""
"14.543938889","35.842475","CABN_BB_0139",""
"14.546211111","35.842341667","CABN_BB_0140",""
"14.543736111","35.842483333","CABN_BB_0141",""
"14.529938889","35.816622222","CABN_BB_0189",""
"14.526547222","35.820341667","CABN_BB_0193",""
"14.503038889","35.82305","CABN_BB_0195",""
"14.506872222","35.820375","CABN_BB_0196",""
"14.5326","35.832986111","CABN_BB_0206",""
"14.534733333","35.833533333","CABN_BB_0207",""
"14.52945","35.8276","CABN_BB_0216",""
"14.526713889","35.826341667","CABN_BB_0217",""
"14.534541667","35.833344444","CABN_BB_0225",""
"14.477202778","35.884466667","CABN_BK_0001",""
"14.477072222","35.880611111","CABN_BK_0002",""
"14.477225","35.878305556","CABN_BK_0003",""
"14.475277778","35.878313889","CABN_BK_0004",""
"14.475919444","35.875991667","CABN_BK_0005",""
"14.47375","35.880175","CABN_BK_0006",""
"14.470894444","35.880005556","CABN_BK_0007",""
"14.469433333","35.879794444","CABN_BK_0008",""
"14.471122222","35.878572222","CABN_BK_0009",""
"14.477647222","35.881758333","CABN_BK_0012",""
"14.4799","35.881511111","CABN_BK_0013",""
"0","0","CABN_BK_0014",""
"14.477","35.879341667","CABN_BK_0016",""
"14.478716667","35.878663889","CABN_BK_0017",""
"14.476783333","35.875244444","CABN_BK_0018",""
"14.469730556","35.883786111","CABN_BK_0019",""
"14.467883333","35.884127778","CABN_BK_0020",""
"0","0","CABN_BK_0023",""
"14.478322222","35.894388889","CABN_BK_0025",""
"14.473588889","35.8957","CABN_BK_0026",""
"14.469136111","35.895002778","CABN_BK_0027",""
"14.461791667","35.895413889","CABN_BK_0028",""
"14.459455556","35.898219444","CABN_BK_0029",""
"14.459736111","35.900738889","CABN_BK_0030",""
"14.456955556","35.90095","CABN_BK_0031",""
"14.455302778","35.897291667","CABN_BK_0040",""
"14.451788889","35.898355556","CABN_BK_0041",""
"14.454847222","35.895852778","CABN_BK_0042",""
"14.472686111","35.890641667","CABN_BK_0043",""
"14.477875","35.888855556","CABN_BK_0044",""
"0","0","CABN_BK_0045",""
"14.472733333","35.902836111","CABN_BK_0056",""
"14.469944444","35.894305556","CABN_BK_0065",""
"14.478577778","35.895002778","CABN_BK_0066",""
"14.466955556","35.896266667","CABN_BK_0067",""
"14.467436111","35.897941667","CABN_BK_0068",""
"14.465519444","35.897758333","CABN_BK_0069",""
"14.463133333","35.897408333","CABN_BK_0070",""
"14.465911111","35.899727778","CABN_BK_0071",""
"14.464516667","35.899983333","CABN_BK_0072",""
"14.464233333","35.900580556","CABN_BK_0073",""
"14.463636111","35.901277778","CABN_BK_0074",""
"14.463772222","35.901294444","CABN_BK_0075",""
"14.467102778","35.900902778","CABN_BK_0076",""
"14.469088889","35.898775","CABN_BK_0077",""
"14.472586111","35.897625","CABN_BK_0078",""
"14.47125","35.899086111","CABN_BK_0079",""
"14.470802778","35.899627778","CABN_BK_0080",""
"14.471905556","35.900952778","CABN_BK_0081",""
"14.473141667","35.89745","CABN_BK_0082",""
"0","0","CABN_BK_0095",""
"14.473152778","35.882794444","CABN_BK_0097",""
"14.472097222","35.88125","CABN_BK_0098",""
"14.465994444","35.880436111","CABN_BK_0099",""
"14.464888889","35.880666667","CABN_BK_0100",""
"14.471636111","35.878352778","CABN_BK_0101",""
"14.470133333","35.876911111","CABN_BK_0102",""
"14.470994444","35.876283333","CABN_BK_0103",""
"14.474286111","35.885219444","CABN_BK_0107",""
"14.470736111","35.871216667","CABN_BK_0108",""
"14.461905556","35.898494444","CABN_BK_0112",""
"14.45965","35.898633333","CABN_BK_0113",""
"14.459719444","35.900738889","CABN_BK_0114",""
"14.457702778","35.900911111","CABN_BK_0115",""
"14.457438889","35.900083333","CABN_BK_0116",""
"14.452880556","35.900955556","CABN_BK_0119",""
"14.455086111","35.898736111","CABN_BK_0120",""
"14.448419444","35.898338889","CABN_BK_0121",""
"14.451166667","35.894438889","CABN_BK_0122",""
"14.473533333","35.888963889","CABN_BK_0125",""
"14.473838889","35.88815","CABN_BK_0126",""
"14.475897222","35.886386111","CABN_BK_0127",""
"14.477952778","35.887375","CABN_BK_0128",""
"14.4801","35.890913889","CABN_BK_0129",""
"14.48055","35.891725","CABN_BK_0130",""
"14.475344444","35.893338889","CABN_BK_0131",""
"14.473869444","35.893616667","CABN_BK_0132",""
"14.473722222","35.894477778","CABN_BK_0133",""
"14.470780556","35.893144444","CABN_BK_0134",""
"14.469533333","35.893791667","CABN_BK_0135",""
"14.465616667","35.894172222","CABN_BK_0136",""
"14.464127778","35.893319444","CABN_BK_0137",""
"14.461833333","35.895452778","CABN_BK_0138",""
"14.461144444","35.893533333","CABN_BK_0139",""
"14.457366667","35.895747222","CABN_BK_0140",""
"14.467169444","35.890536111","CABN_BK_0151",""
"14.460722222","35.892844444","CABN_BK_0152",""
"14.465877778","35.890144444","CABN_BK_0153",""
"0","0","CABN_CA_0000",""
"0","0","CABN_GL_0049",""
"0","0","CABN_GL_0088",""
"14.483636111","35.856336111","CABN_GL_0231",""
"0","0","CABN_GZ_0001",""
"14.264166667","36.049819444","CABN_GZ_0002",""
"14.293225","36.037738889","CABN_GZ_0003",""
"14.244677778","36.047508333","CABN_GZ_0004",""
"14.243341667","36.044052778","CABN_GZ_0005",""
"14.2417","36.044936111","CABN_GZ_0006",""
"14.239672222","36.044744444","CABN_GZ_0007",""
"14.237380556","36.045516667","CABN_GZ_0008",""
"14.238275","36.044825","CABN_GZ_0009",""
"14.240027778","36.040805556","CABN_GZ_0010",""
"14.240366667","36.040825","CABN_GZ_0011",""
"14.242038889","36.037347222","CABN_GZ_0012",""
"14.241780556","36.037133333","CABN_GZ_0013",""
"14.228941667","36.042036111","CABN_GZ_0014",""
"14.284808333","36.027716667","CABN_GZ_0015",""
"14.287258333","36.027805556","CABN_GZ_0016",""
"14.294144444","36.026425","CABN_GZ_0017",""
"14.286822222","36.03835","CABN_GZ_0018",""
"0","0","CABN_GZ_0020",""
"14.311180556","36.035091667","CABN_GZ_0021",""
"14.310127778","36.035027778","CABN_GZ_0022",""
"14.263436111","36.032275","CABN_GZ_0023",""
"14.258436111","36.033952778","CABN_GZ_0025",""
"14.259522222","36.03435","CABN_GZ_0026",""
"14.284730556","36.026661111","CABN_GZ_0027",""
"14.212980556","36.055955556","CABN_GZ_0028",""
"14.209966667","36.058397222","CABN_GZ_0029",""
"14.208541667","36.060180556","CABN_GZ_0030",""
"14.205058333","36.055097222","CABN_GZ_0031",""
"14.215836111","36.0285","CABN_GZ_0032",""
"14.268944444","36.052561111","CABN_GZ_0033",""
"14.242122222","36.027958333","CABN_GZ_0036",""
"14.2427","36.024236111","CABN_GZ_0037",""
"14.245563889","36.023563889","CABN_GZ_0038",""
"14.297013889","36.038083333","CABN_GZ_0040",""
"14.2969","36.038552778","CABN_GZ_0041",""
"14.296977778","36.040825","CABN_GZ_0042",""
"14.291713889","36.038202778","CABN_GZ_0043",""
"14.288163889","36.039580556","CABN_GZ_0044",""
"14.290188889","36.043011111","CABN_GZ_0045",""
"14.261994444","36.048988889","CABN_GZ_0046",""
"14.269877778","36.051669444","CABN_GZ_0048",""
"14.273780556","36.0516","CABN_GZ_0049",""
"14.23735","36.049769444","CABN_GZ_0050",""
"14.234372222","36.030558333","CABN_GZ_0051",""
"14.234747222","36.067419444","CABN_GZ_0052",""
"14.226547222","36.058719444","CABN_GZ_0053",""
"14.256413889","36.035363889","CABN_GZ_0054",""
"14.225122222","36.041061111","CABN_GZ_0055",""
"14.237180556","36.040713889","CABN_GZ_0056",""
"14.229008333","36.04095","CABN_GZ_0057",""
"14.235461111","36.069069444","CABN_GZ_0058",""
"14.274063889","36.029516667","CABN_GZ_0059",""
"14.247797222","36.043236111","CABN_GZ_0060",""
"14.295769444","36.02455","CABN_GZ_0061",""
"14.241838889","36.044630556","CABN_GZ_0062",""
"14.253819444","36.037361111","CABN_GZ_0063",""
"14.240461111","36.042155556","CABN_GZ_0064",""
"14.241736111","36.044719444","CABN_GZ_0066",""
"14.294244444","36.026372222","CABN_GZ_0067",""
"14.294494444","36.022297222","CABN_GZ_0069",""
"14.494741667","35.890138889","CABN_MA_0001",""
"14.491338889","35.894255556","CABN_MA_0002",""
"14.493380556","35.891275","CABN_MA_0003",""
"14.491811111","35.892958333","CABN_MA_0004",""
"14.489425","35.888688889","CABN_MA_0005",""
"14.487927778","35.886505556","CABN_MA_0006",""
"14.494791667","35.869338889","CABN_MA_0007",""
"14.489963889","35.869438889","CABN_MA_0008",""
"14.502063889","35.890813889","CABN_MA_0009",""
"14.492361111","35.89490556","CABN_MA_0010",""
"14.495688889","35.89627778","CABN_MA_0011",""
"14.488494444","35.89488611","CABN_MA_0012",""
"0","0","CABN_MA_0023",""
"14.504130556","35.894891667","CABN_MA_0025",""
"14.502011111","35.889319444","CABN_MA_0026",""
"0","0","CABN_MA_0030",""
"0","0","CABN_MA_0031",""
"14.509330556","35.896075","CABN_MA_0032",""
"14.505747222","35.889397222","CABN_MA_0035",""
"14.505519444","35.892188889","CABN_MA_0036",""
"14.507425","35.892363889","CABN_MA_0037",""
"14.510002778","35.892669444","CABN_MA_0038",""
"14.486397222","35.854266667","CABN_MA_0048",""
"14.496205556","35.87368889","CABN_MA_0081",""
"14.496069444","35.885866667","CABN_MA_0089",""
"14.495080556","35.885619444","CABN_MA_0090",""
"14.493058333","35.884827778","CABN_MA_0091",""
"14.492027778","35.884863889","CABN_MA_0092",""
"14.490830556","35.883977778","CABN_MA_0093",""
"14.488916667","35.883247222","CABN_MA_0094",""
"14.488175","35.88295","CABN_MA_0095",""
"14.488594444","35.882230556","CABN_MA_0096",""
"14.490830556","35.882983333","CABN_MA_0097",""
"14.491305556","35.881930556","CABN_MA_0098",""
"14.491627778","35.880236111","CABN_MA_0099",""
"14.495397222","35.88395","CABN_MA_0100",""
"14.497275","35.883944444","CABN_MA_0101",""
"14.494858333","35.883058333","CABN_MA_0102",""
"14.494386111","35.880047222","CABN_MA_0103",""
"14.497461111","35.878883333","CABN_MA_0104",""
"14.494108333","35.874555556","CABN_MA_0105",""
"14.489425","35.879583333","CABN_MA_0106",""
"14.49695","35.887825","CABN_MA_0107",""
"14.494405556","35.888769444","CABN_MA_0108",""
"14.492616667","35.888530556","CABN_MA_0109",""
"14.492522222","35.888605556","CABN_MA_0110",""
"14.489972222","35.888544444","CABN_MA_0111",""
"14.490152778","35.888686111","CABN_MA_0112",""
"14.487494444","35.888641667","CABN_MA_0113",""
"14.487502778","35.888761111","CABN_MA_0114",""
"14.484594444","35.890883333","CABN_MA_0115",""
"14.485013889","35.888994444","CABN_MA_0116",""
"14.483930556","35.888338889","CABN_MA_0117",""
"14.485072222","35.888291667","CABN_MA_0118",""
"14.483769444","35.889802778","CABN_MA_0119",""
"14.488052778","35.883813889","CABN_MA_0120",""
"14.487025","35.885486111","CABN_MA_0121",""
"14.486877778","35.885447222","CABN_MA_0122",""
"14.484763889","35.886205556","CABN_MA_0123",""
"14.483077778","35.886291667","CABN_MA_0124",""
"14.484927778","35.885361111","CABN_MA_0125",""
"0","0","CABN_MA_0126",""
"0","0","CABN_MA_0127",""
"0","0","CABN_MA_0128",""
"0","0","CABN_MA_0129",""
"0","0","CABN_MA_0130",""
"0","0","CABN_MA_0131",""
"0","0","CABN_MA_0132",""
"14.504172222","35.893183333","CABN_MA_0133",""
"14.504741667","35.892038889","CABN_MA_0134",""
"14.50615","35.890922222","CABN_MA_0135",""
"14.506563889","35.891219444","CABN_MA_0136",""
"14.485244444","35.892461111","CABN_MA_0137",""
"14.490077778","35.893802778","CABN_MA_0138",""
"14.491725","35.890175","CABN_MA_0139",""
"14.494041667","35.891869444","CABN_MA_0140",""
"0","0","CABN_MA_0142",""
"14.495294444","35.879383333","CABN_MA_0143",""
"14.259516667","36.070638889","CABN_MF_0001",""
"14.258261111","36.070491667","CABN_MF_0034",""
"14.257741667","36.072566667","CABN_MF_0035",""
"14.254833333","36.076391667","CABN_MF_0065",""
"14.367741667","35.955713889","CABN_ML_0001",""
"14.369205556","35.958988889","CABN_ML_0002",""
"14.368441667","35.962527778","CABN_ML_0003",""
"14.373597222","35.959616667","CABN_ML_0004",""
"14.373127778","35.962805556","CABN_ML_0005",""
"14.363922222","35.954136111","CABN_ML_0027",""
"14.363083333","35.956022222","CABN_ML_0028",""
"14.361772222","35.956577778","CABN_ML_0029",""
"14.361091667","35.958719444","CABN_ML_0030",""
"14.360327778","35.960522222","CABN_ML_0031",""
"14.364369444","35.956647222","CABN_ML_0032",""
"14.365327778","35.956122222","CABN_ML_0033",""
"14.365833333","35.95665","CABN_ML_0034",""
"14.364991667","35.961458333","CABN_ML_0035",""
"14.368038889","35.955130556","CABN_ML_0036",""
"14.371852778","35.954891667","CABN_ML_0037",""
"14.362216667","35.962755556","CABN_ML_0038",""
"14.360375","35.965827778","CABN_ML_0048",""
"14.360522222","35.965730556","CABN_ML_0049",""
"14.364636111","35.956477778","CABN_ML_0053",""
"14.364522222","35.956547222","CABN_ML_0054",""
"14.3383","35.985475","CABN_ML_0062",""
"14.346366667","35.976019444","CABN_ML_0066",""
"14.342019444","35.986122222","CABN_ML_0071",""
"14.418166667","35.909158333","CABN_MO_0001",""
"14.420702778","35.90955","CABN_MO_0002",""
"14.434463889","35.8966","CABN_MO_0003",""
"0","0","CABN_MO_0004",""
"0","0","CABN_MO_0006",""
"14.443397222","35.891172222","CABN_MO_0023",""
"14.449877778","35.894108333","CABN_MO_0024",""
"14.442236111","35.889647222","CABN_MO_0025",""
"14.436866667","35.893236111","CABN_MO_0026",""
"14.447222222","35.90205","CABN_MO_0032",""
"14.445333333","35.901416667","CABN_MO_0033",""
"14.445386111","35.901311111","CABN_MO_0034",""
"14.430825","35.907036111","CABN_MO_0036",""
"14.427141667","35.907975","CABN_MO_0037",""
"14.426113889","35.909391667","CABN_MO_0038",""
"14.419988889","35.915069444","CABN_MO_0039",""
"14.398980556","35.926516667","CABN_MO_0040",""
"14.405044444","35.921761111","CABN_MO_0041",""
"0","0","CABN_MO_0042",""
"14.443011111","35.897875","CABN_MO_0046",""
"14.444744444","35.898066667","CABN_MO_0047",""
"14.450027778","35.901755556","CABN_MO_0048",""
"14.449930556","35.902255556","CABN_MO_0049",""
"14.452697222","35.921455556","CABN_MO_0050",""
"14.4541","35.921488889","CABN_MO_0051",""
"14.453102778","35.924058333","CABN_MO_0052",""
"14.452991667","35.925572222","CABN_MO_0053",""
"14.445447222","35.893161111","CABN_MO_0057",""
"14.439063889","35.909216667","CABN_MO_0058",""
"14.444852778","35.91235","CABN_MO_0059",""
"14.445225","35.913555556","CABN_MO_0060",""
"14.443880556","35.914677778","CABN_MO_0061",""
"14.442675","35.91375","CABN_MO_0062",""
"14.442286111","35.910986111","CABN_MO_0063",""
"14.44665","35.915847222","CABN_MO_0064",""
"14.439025","35.906488889","CABN_MO_0065",""
"14.420141667","35.909247222","CABN_MO_0070",""
"14.428413889","35.915261111","CABN_MO_0071",""
"14.428155556","35.912069444","CABN_MO_0072",""
"14.431516667","35.907808333","CABN_MO_0073",""
"14.431355556","35.903369444","CABN_MO_0074",""
"14.426616667","35.906625","CABN_MO_0075",""
"14.425380556","35.905338889","CABN_MO_0076",""
"14.423730556","35.909647222","CABN_MO_0077",""
"14.422438889","35.911013889","CABN_MO_0078",""
"14.419613889","35.915116667","CABN_MO_0079",""
"14.415586111","35.904466667","CABN_MO_0080",""
"14.429677778","35.903761111","CABN_MO_0081",""
"14.431313889","35.910369444","CABN_MO_0082",""
"14.430083333","35.907608333","CABN_MO_0083",""
"14.429755556","35.906066667","CABN_MO_0084",""
"14.428708333","35.909169444","CABN_MO_0085",""
"14.426416667","35.909586111","CABN_MO_0086",""
"14.427488889","35.904591667","CABN_MO_0087",""
"14.423466667","35.911369444","CABN_MO_0088",""
"14.420911111","35.915483333","CABN_MO_0089",""
"14.423355556","35.90835","CABN_MO_0090",""
"14.430716667","35.912136111","CABN_MO_0091",""
"14.420672222","35.910055556","CABN_MO_0092",""
"14.422083333","35.905236111","CABN_MO_0093",""
"14.430744444","35.914022222","CABN_MO_0094",""
"14.4217","35.915919444","CABN_MO_0095",""
"0","0","CABN_MO_0100",""
"14.441938889","35.900308333","CABN_MO_0105",""
"14.443022222","35.915966667","CABN_MO_0106",""
"14.447236111","35.916911111","CABN_MO_0107",""
"14.442941667","35.922233333","CABN_MO_0108",""
"14.44075","35.922158333","CABN_MO_0109",""
"14.44205","35.920433333","CABN_MO_0110",""
"14.437166667","35.918233333","CABN_MO_0111",""
"14.440861111","35.92459167","CABN_MO_0112",""
"14.401430556","35.910630556","CABN_MO_0113",""
"14.437166667","35.918233333","CABN_MO_0114",""
"14.451244444","35.903541667","CABN_MO_0118",""
"0","0","CABN_MO_0119",""
"0","0","CABN_MO_0121",""
"14.436530556","35.913244444","CABN_MO_0122",""
"14.439611111","35.913544444","CABN_MO_0123",""
"14.443952778","35.911783333","CABN_MO_0124",""
"0","0","CABN_MO_0126",""
"14.442155556","35.894597222","CABN_MO_0140",""
"14.434319444","35.893694444","CABN_MO_0141",""
"14.434308333","35.893522222","CABN_MO_0142",""
"14.439133333","35.894080556","CABN_MO_0143",""
"14.434238889","35.889575","CABN_MO_0144",""
"14.440141667","35.892416667","CABN_MO_0145",""
"14.438475","35.890963889","CABN_MO_0146",""
"14.452944444","35.907497222","CABN_MO_0147",""
"14.454744444","35.902769444","CABN_MO_0148",""
"14.453558333","35.905786111","CABN_MO_0149",""
"14.418855556","35.911011111","CABN_MO_0150",""
"14.4335","35.905280556","CABN_MO_0151",""
"14.429769444","35.900797222","CABN_MO_0152",""
"14.562172222","35.866472222","CABN_MS_0079",""
"14.562925","35.865072222","CABN_MS_0080",""
"14.557397222","35.862886111","CABN_MS_0081",""
"14.560008333","35.862758333","CABN_MS_0082",""
"14.563033333","35.862741667","CABN_MS_0109",""
"14.569788889","35.863030556","CABN_MS_0110",""
"14.569022222","35.862025","CABN_MS_0111",""
"14.571897222","35.861558333","CABN_MS_0112",""
"14.566302778","35.869861111","CABN_MS_0113",""
"14.565355556","35.862441667","CABN_MS_0170",""
"14.565580556","35.859941667","CABN_MS_0214",""
"14.564708333","35.856019444","CABN_MS_0215",""
"14.571413889","35.859355556","CABN_MS_0218",""
"14.568283333","35.867230556","CABN_MS_0219",""
"14.556755556","35.864197222","CABN_MS_0220",""
"14.56785","35.860413889","CABN_MS_0221",""
"14.557138889","35.871197222","CABN_MS_0228",""
"0","0","CABN_MT_0066",""
"14.484675","35.90020556","CABN_QR_0107",""
"0","0","CABN_QR_0115",""
"0","0","CABN_QR_0119",""
"0","0","CABN_QR_0139",""
"0","0","CABN_QR_0141",""
"0","0","CABN_QR_0144",""
"14.382086111","35.861019444","CABN_RB_0042",""
"14.382405556","35.860708333","CABN_RB_0043",""
"14.382875","35.860988889","CABN_RB_0044",""
"14.402425","35.883727778","CABN_RB_0059",""
"14.401033333","35.880711111","CABN_RB_0060",""
"14.415997222","35.878986111","CABN_RB_0061",""
"14.400436111","35.878105556","CABN_RB_0062",""
"14.398333333","35.879136111","CABN_RB_0063",""
"14.398927778","35.878022222","CABN_RB_0064",""
"14.399113889","35.882436111","CABN_RB_0065",""
"14.397191667","35.883402778","CABN_RB_0066",""
"14.395838889","35.881947222","CABN_RB_0067",""
"14.393252778","35.882777778","CABN_RB_0068",""
"0","0","CABN_RB_0069",""
"14.365375","35.890611111","CABN_RB_0085",""
"14.348983333","35.894644444","CABN_RB_0086",""
"14.390561111","35.879336111","CABN_RB_0144",""
"14.397822222","35.862722222","CABN_RB_0147",""
"14.384552778","35.886961111","CABN_RB_0148",""
"14.399308333","35.880841667","CABN_RB_0149",""
"14.39655","35.878016667","CABN_RB_0150",""
"14.398986111","35.876283333","CABN_RB_0151",""
"14.399588889","35.883258333","CABN_RB_0152",""
"14.396252778","35.882486111","CABN_RB_0153",""
"14.390252778","35.886111111","CABN_RB_0154",""
"14.399847222","35.874869444","CABN_RB_0155",""
"14.392266667","35.887294444","CABN_RB_0156",""
"14.395708333","35.889988889","CABN_RB_0157",""
"14.397875","35.89105","CABN_RB_0158",""
"14.398247222","35.893594444","CABN_RB_0159",""
"14.399280556","35.894191667","CABN_RB_0161",""
"14.379227778","35.861155556","CABN_RB_0168",""
"14.490247222","35.924327778","CABN_SG_0003",""
"14.486347222","35.923255556","CABN_SG_0005",""
"14.488425","35.919677778","CABN_SG_0006",""
"14.489661111","35.919991667","CABN_SG_0012",""
"14.492197222","35.917811111","CABN_SG_0013",""
"14.490666667","35.920327778","CABN_SG_0014",""
"14.490561111","35.920477778","CABN_SG_0015",""
"14.490508333","35.922225","CABN_SG_0016",""
"14.490886111","35.922230556","CABN_SG_0017",""
"14.49125","35.923030556","CABN_SG_0018",""
"14.485333333","35.922269444","CABN_SG_0020",""
"14.485838889","35.921408333","CABN_SG_0021",""
"14.483780556","35.920055556","CABN_SG_0022",""
"14.481997222","35.92035","CABN_SG_0023",""
"14.479833333","35.919830556","CABN_SG_0024",""
"0","0","CABN_SG_0031",""
"14.475536111","35.923388889","CABN_SG_0039",""
"14.474986111","35.921741667","CABN_SG_0040",""
"14.471227778","35.919405556","CABN_SG_0041",""
"14.480738889","35.928494444","CABN_SG_0042",""
"14.478922222","35.927366667","CABN_SG_0043",""
"14.471858333","35.924402778","CABN_SG_0045",""
"14.476663889","35.92525","CABN_SG_0046",""
"14.472133333","35.927994444","CABN_SG_0047",""
"14.466530556","35.927297222","CABN_SG_0048",""
"0","0","CABN_SG_0049",""
"0","0","CABN_SG_0051",""
"14.489472222","35.913297222","CABN_SG_0052",""
"14.490558333","35.914583333","CABN_SG_0053",""
"14.49195","35.915594444","CABN_SG_0054",""
"14.484269444","35.911755556","CABN_SG_0055",""
"14.484077778","35.911558333","CABN_SG_0056",""
"14.483411111","35.910711111","CABN_SG_0057",""
"14.497991667","35.910480556","CABN_SG_0058",""
"14.481797222","35.909911111","CABN_SG_0059",""
"14.481313889","35.910480556","CABN_SG_0060",""
"14.480486111","35.912475","CABN_SG_0061",""
"14.481130556","35.914705556","CABN_SG_0062",""
"14.478313889","35.908991667","CABN_SG_0063",""
"14.478336111","35.907852778","CABN_SG_0064",""
"14.476719444","35.908983333","CABN_SG_0065",""
"14.475958333","35.907758333","CABN_SG_0066",""
"14.473752778","35.907613889","CABN_SG_0067",""
"14.484772222","35.906616667","CABN_SG_0068",""
"14.484741667","35.9065","CABN_SG_0069",""
"14.489333333","35.927666667","CABN_SG_0070",""
"14.492944444","35.915583333","CABN_SG_0083",""
"0","0","CABN_SG_0086",""
"14.469991667","35.909286111","CABN_SG_0089",""
"14.475641667","35.910725","CABN_SG_0091",""
"14.45995","35.935405556","CABN_SG_0093",""
"14.469847222","35.909636111","CABN_SG_0104",""
"14.491116667","35.924347222","CABN_SG_0105",""
"14.480897222","35.926663889","CABN_SG_0118",""
"14.483294444","35.915155556","CABN_SG_0121",""
"14.477375","35.908022222","CABN_SG_0124",""
"14.492788889","35.924794444","CABN_SG_0125",""
"14.479025","35.921213889","CABN_SG_0129",""
"14.478458333","35.912433333","CABN_SG_0131",""
"14.482963889","35.909525","CABN_SG_0132",""
"14.478675","35.906380556","CABN_SG_0133",""
"0","0","CABN_SG_0144",""
"14.496647222","35.911341667","CABN_SL_0004",""
"14.501019444","35.902761111","CABN_SL_0009",""
"14.494091667","35.897391667","CABN_SL_0010",""
"14.494822222","35.909780556","CABN_SL_0011",""
"14.496391667","35.907883333","CABN_SL_0025",""
"14.494183333","35.907713889","CABN_SL_0026",""
"14.493997222","35.907766667","CABN_SL_0027",""
"14.495727778","35.906522222","CABN_SL_0028",""
"14.495186111","35.905344444","CABN_SL_0029",""
"14.494091667","35.905647222","CABN_SL_0030",""
"14.493208333","35.905858333","CABN_SL_0031",""
"14.491836111","35.906277778","CABN_SL_0032",""
"14.492552778","35.903958333","CABN_SL_0033",""
"14.492475","35.904088889","CABN_SL_0034",""
"14.490963889","35.904963889","CABN_SL_0035",""
"14.493397222","35.901413889","CABN_SL_0036",""
"14.493183333","35.911491667","CABN_SL_0049",""
"14.490666667","35.910838889","CABN_SL_0050",""
"14.488733333","35.9113","CABN_SL_0051",""
"14.494838889","35.900341667","CABN_SL_0071",""
"14.497380556","35.899875","CABN_SL_0072",""
"14.496972222","35.899330556","CABN_SL_0073",""
"14.497105556","35.910744444","CABN_SL_0075",""
"14.494616667","35.913186111","CABN_SL_0076",""
"14.497847222","35.913847222","CABN_SL_0077",""
"14.500647222","35.914652778","CABN_SL_0078",""
"14.500047222","35.910527778","CABN_SL_0079",""
"14.501575","35.911219444","CABN_SL_0080",""
"14.503894444","35.911397222","CABN_SL_0081",""
"14.506763889","35.910188889","CABN_SL_0082",""
"14.508511111","35.909355556","CABN_SL_0084",""
"14.506758333","35.910177778","CABN_SL_0085",""
"14.505788889","35.911816667","CABN_SL_0086",""
"14.503888889","35.912147222","CABN_SL_0087",""
"14.496975","35.911002778","CABN_SL_0088",""
"0","0","CABN_SL_0089",""
"14.498244444","35.912641667","CABN_SL_0094",""
"14.499880556","35.915352778","CABN_SL_0095",""
"14.501163889","35.916266667","CABN_SL_0096",""
"14.503072222","35.915672222","CABN_SL_0097",""
"14.505772222","35.913625","CABN_SL_0098",""
"14.506661111","35.910638889","CABN_SL_0099",""
"14.507827778","35.908741667","CABN_SL_0100",""
"14.499930556","35.909605556","CABN_SL_0101",""
"14.502975","35.909811111","CABN_SL_0102",""
"14.494597222","35.913066667","CABN_SL_0103",""
"14.485566667","35.900111111","CABN_SL_0109",""
"14.492722222","35.895047222","CABN_SL_0110",""
"14.491186111","35.899425","CABN_SL_0111",""
"14.487069444","35.899511111","CABN_SL_0112",""
"14.489069444","35.898661111","CABN_SL_0113",""
"14.490858333","35.898861111","CABN_SL_0114",""
"14.492780556","35.899163889","CABN_SL_0116",""
"14.490691667","35.897213889","CABN_SL_0120",""
"14.506777778","35.911575","CABN_SL_0122",""
"14.502477778","35.91585","CABN_SL_0126",""
"14.508488889","35.909341667","CABN_SL_0134",""
"14.489872222","35.902072222","CABN_SL_0136",""
"14.493452778","35.904375","CABN_SL_0137",""
"14.496405556","35.913288889","CABN_SL_0142",""
"14.493452778","35.906516667","CABN_SL_0145",""
"14.406866667","35.947841667","CABN_SP_0006",""
"14.406844444","35.947744444","CABN_SP_0007",""
"14.409136111","35.948230556","CABN_SP_0008",""
"14.409730556","35.947705556","CABN_SP_0009",""
"14.411652778","35.9465","CABN_SP_0010",""
"14.409172222","35.949938889","CABN_SP_0011",""
"14.411363889","35.949727778","CABN_SP_0012",""
"14.412244444","35.950833333","CABN_SP_0013",""
"14.412216667","35.950783333","CABN_SP_0014",""
"0","0","CABN_SP_0015",""
"14.4148","35.951175","CABN_SP_0016",""
"14.4165","35.952541667","CABN_SP_0017",""
"14.403197222","35.956044444","CABN_SP_0018",""
"14.420119444","35.954436111","CABN_SP_0019",""
"14.422566667","35.953997222","CABN_SP_0020",""
"14.423044444","35.957297222","CABN_SP_0021",""
"14.421152778","35.948175","CABN_SP_0022",""
"14.419194444","35.948055556","CABN_SP_0023",""
"14.373088889","35.919516667","CABN_SP_0039",""
"14.369644444","35.91945","CABN_SP_0040",""
"14.384988889","35.943825","CABN_SP_0041",""
"14.385372222","35.949466667","CABN_SP_0043",""
"14.382766667","35.946786111","CABN_SP_0044",""
"14.411611111","35.941536111","CABN_SP_0045",""
"14.366788889","35.937833333","CABN_SP_0046",""
"14.413833333","35.946577778","CABN_SP_0047",""
"14.353586111","35.94037778","CABN_SP_0050",""
"14.366741667","35.937833333","CABN_SP_0051",""
"14.367208333","35.919261111","CABN_SP_0052",""
"14.419941667","35.946830556","CABN_SP_0055",""
"14.421272222","35.948280556","CABN_SP_0056",""
"14.422838889","35.949338889","CABN_SP_0058",""
"14.414222222","35.949922222","CABN_SP_0059",""
"14.417613889","35.951827778","CABN_SP_0060",""
"14.4114","35.947738889","CABN_SP_0061",""
"0","0","CABN_SP_0063",""
"14.382572222","35.94865","CABN_SP_0064",""
"14.423375","35.944252778","CABN_SP_0065",""
"14.346158333","35.97636944","CABN_SP_0066",""
"14.393013889","35.937594444","CABN_SP_0067",""
"14.36615","35.920658333","CABN_SP_0069",""
"14.421419444","35.950727778","CABN_SP_0070",""
"14.420794444","35.948266667","CABN_SP_0080",""
"14.387161111","35.945622222","CABN_SP_0086",""
"14.349288889","35.930769444","CABN_SP_0090",""
"14.404905556","35.947802778","CABN_SP_0095",""
"14.406655556","35.947361111","CABN_SP_0097",""
"14.406102778","35.947791667","CABN_SP_0098",""
"14.463302778","35.874061111","CABN_ZG_0010",""
"14.457055556","35.873552778","CABN_ZG_0011",""
"14.448508333","35.873627778","CABN_ZG_0012",""
"14.445394444","35.873833333","CABN_ZG_0013",""
"14.445669444","35.872877778","CABN_ZG_0014",""
"14.445133333","35.871916667","CABN_ZG_0015",""
"14.441466667","35.870666667","CABN_ZG_0016",""
"14.441502778","35.871702778","CABN_ZG_0017",""
"14.441688889","35.874019444","CABN_ZG_0018",""
"14.437155556","35.871258333","CABN_ZG_0020",""
"14.438377778","35.872975","CABN_ZG_0021",""
"14.437338889","35.874977778","CABN_ZG_0022",""
"14.44695","35.871252778","CABN_ZG_0025",""
"14.441463889","35.875527778","CABN_ZG_0026",""
"14.434575","35.874558333","CABN_ZG_0028",""
"14.436555556","35.851430556","CABN_ZG_0036",""
"14.435116667","35.852969444","CABN_ZG_0037",""
"14.434133333","35.854125","CABN_ZG_0038",""
"14.438216667","35.853136111","CABN_ZG_0039",""
"14.434930556","35.854091667","CABN_ZG_0040",""
"14.434808333","35.856597222","CABN_ZG_0041",""
"14.444483333","35.858883333","CABN_ZG_0045",""
"14.438936111","35.856144444","CABN_ZG_0046",""
"14.438008333","35.855941667","CABN_ZG_0047",""
"14.438205556","35.853127778","CABN_ZG_0049",""
"14.437788889","35.857555556","CABN_ZG_0050",""
"14.440061111","35.858225","CABN_ZG_0051",""
"14.442494444","35.856319444","CABN_ZG_0052",""
"14.442902778","35.857955556","CABN_ZG_0053",""
"14.442352778","35.858738889","CABN_ZG_0054",""
"14.441483333","35.870977778","CABN_ZG_0055",""
"14.431958333","35.856894444","CABN_ZG_0056",""
"14.451311111","35.871713889","CABN_ZG_0057",""
"14.435861111","35.871036111","CABN_ZG_0058",""
"0","0","CABN_ZG_0059",""
"14.425391667","35.870544444","CABN_ZG_0081",""
"14.444627778","35.860733333","CABN_ZG_0119",""
"14.426908333","35.837536111","CABN_ZG_0GAU",""
"14.474425","35.840602778","CABN_ZQ_0003",""
"14.472716667","35.831891667","CABN_ZQ_0072",""
"14.468102778","35.827861111","CABN_ZQ_0073",""
"14.470697222","35.826172222","CABN_ZQ_0074",""
"14.474741667","35.830433333","CABN_ZQ_0075",""
"14.475316667","35.830294444","CABN_ZQ_0076",""
"14.473958333","35.833733333","CABN_ZQ_0077",""
"14.474538889","35.831205556","CABN_ZQ_0078",""
"14.482802778","35.833408333","CABN_ZQ_0089",""
"14.483211111","35.832705556","CABN_ZQ_0090",""
"14.485036111","35.833030556","CABN_ZQ_0091",""
"14.478966667","35.830844444","CABN_ZQ_0092",""
"14.483211111","35.841402778","CABN_ZQ_0094",""
"14.484172222","35.841344444","CABN_ZQ_0095",""
"14.4851","35.844613889","CABN_ZQ_0096",""
"14.482286111","35.829655556","CABN_ZQ_0117",""
"14.459805556","35.835880556","CABN_ZQ_0120",""
"14.459827778","35.834127778","CABN_ZQ_0121",""
"14.458138889","35.833888889","CABN_ZQ_0122",""
"14.465161111","35.842238889","CABN_ZQ_0142",""
"14.467422222","35.843094444","CABN_ZQ_0143",""
"14.469591667","35.844391667","CABN_ZQ_0144",""
"14.466705556","35.845352778","CABN_ZQ_0145",""
"14.472708333","35.833483333","CABN_ZQ_0185",""
"14.475983333","35.82975","CABN_ZQ_0186",""
"14.470938889","35.823905556","CABN_ZQ_0187",""
"14.461716667","35.833872222","CABN_ZQ_0198",""
"14.479525","35.829183333","CABN_ZQ_0202",""
"14.477127778","35.826275","CABN_ZQ_0203",""
"14.4751","35.825530556","CABN_ZQ_0204",""
"0","0","CABN_ZQ_0205",""
"14.485208333","35.839241667","CABN_ZQ_0227",""
"14.524538889","35.863736111","CABN_ZT_0001",""
"14.539308333","35.853952778","CABN_ZT_0002",""
"14.523197222","35.869508333","CABN_ZT_0003",""
"14.523586111","35.871772222","CABN_ZT_0004",""
"14.523830556","35.872455556","CABN_ZT_0005",""
"14.519008333","35.871944444","CABN_ZT_0006",""
"14.519588889","35.873677778","CABN_ZT_0007",""
"14.5161","35.873997222","CABN_ZT_0008",""
"14.514238889","35.872708333","CABN_ZT_0009",""
"14.506619444","35.868933333","CABN_ZT_0010",""
"14.508269444","35.868244444","CABN_ZT_0011",""
"14.511041667","35.865525","CABN_ZT_0012",""
"14.511058333","35.866219444","CABN_ZT_0013",""
"14.511016667","35.867941667","CABN_ZT_0014",""
"14.515544444","35.8656","CABN_ZT_0015",""
"14.518091667","35.863669444","CABN_ZT_0016",""
"14.519227778","35.864811111","CABN_ZT_0017",""
"14.523230556","35.873522222","CABN_ZT_0018",""
"14.527672222","35.871927778","CABN_ZT_0019",""
"14.533252778","35.873013889","CABN_ZT_0020",""
"14.533138889","35.875002778","CABN_ZT_0021",""
"14.535011111","35.875005556","CABN_ZT_0022",""
"14.53722049465121","35.87637119170759","CABN_ZT_0025",""
"14.540036111","35.858830556","CABN_ZT_0029",""
"14.541616667","35.854205556","CABN_ZT_0030",""
"14.531483333","35.856180556","CABN_ZT_0031",""
"14.5311","35.8575","CABN_ZT_0032",""
"14.530633333","35.856411111","CABN_ZT_0033",""
"14.531530556","35.853675","CABN_ZT_0034",""
"14.531530556","35.853675","CABN_ZT_0035",""
"14.528633333","35.851202778","CABN_ZT_0036",""
"14.534830556","35.855277778","CABN_ZT_0037",""
"14.535575","35.857491667","CABN_ZT_0038",""
"14.535033333","35.854344444","CABN_ZT_0039",""
"14.534888889","35.853816667","CABN_ZT_0040",""
"14.502069444","35.862127778","CABN_ZT_0043",""
"14.531369444","35.886911111","CABN_ZT_0044",""
"14.521427778","35.864311111","CABN_ZT_0048",""
"14.516666667","35.866666667","CABN_ZT_0049",""
"14.520711111","35.879597222","CABN_ZT_0050",""
"14.516666667","35.866666667","CABN_ZT_0052",""
"14.515261111","35.888402778","CABN_ZT_0055",""
"14.519752778","35.886105556","CABN_ZT_0057",""
"14.52283271921647","35.8864712263367","CABN_ZT_0058",""
"14.520988889","35.888205556","CABN_ZT_0059",""
"14.526013889","35.887022222","CABN_ZT_0060",""
"14.528325","35.888833333","CABN_ZT_0061",""
"14.528463889","35.888838889","CABN_ZT_0062",""
"14.516666667","35.866666667","CABN_ZT_0063",""
"14.493316667","35.858952778","CABN_ZT_0083",""
"14.491363889","35.857775","CABN_ZT_0084",""
"14.489541667","35.856594444","CABN_ZT_0085",""
"14.489133333","35.8598","CABN_ZT_0086",""
"14.489555556","35.860272222","CABN_ZT_0087",""
"0","0","CABN_ZT_0093",""
"14.523583333","35.848716667","CABN_ZT_0097",""
"14.519238889","35.847936111","CABN_ZT_0098",""
"14.516583333","35.847472222","CABN_ZT_0099",""
"14.514552778","35.847591667","CABN_ZT_0100",""
"14.504013889","35.849305556","CABN_ZT_0101",""
"14.504072222","35.849197222","CABN_ZT_0102",""
"14.503477778","35.847672222","CABN_ZT_0103",""
"14.542997222","35.884363889","CABN_ZT_0104",""
"14.546538889","35.885947222","CABN_ZT_0105",""
"14.547827778","35.887863889","CABN_ZT_0106",""
"14.505508333","35.873408333","CABN_ZT_0124",""
"14.501913889","35.877958333","CABN_ZT_0125",""
"14.507638889","35.873119444","CABN_ZT_0126",""
"14.507522222","35.870511111","CABN_ZT_0127",""
"14.521780556","35.868730556","CABN_ZT_0128",""
"14.521002778","35.870086111","CABN_ZT_0129",""
"14.519813889","35.874427778","CABN_ZT_0130",""
"14.515655556","35.873108333","CABN_ZT_0131",""
"14.515536111","35.874116667","CABN_ZT_0132",""
"14.504725","35.872955556","CABN_ZT_0133",""
"14.5084","35.871972222","CABN_ZT_0134",""
"14.511511111","35.870363889","CABN_ZT_0151",""
"14.509922222","35.873322222","CABN_ZT_0152",""
"14.510091667","35.874169444","CABN_ZT_0153",""
"14.508702778","35.873894444","CABN_ZT_0154",""
"14.511152778","35.87625","CABN_ZT_0155",""
"14.509155556","35.869694444","CABN_ZT_0156",""
"14.505913889","35.870666667","CABN_ZT_0157",""
"14.504555556","35.870922222","CABN_ZT_0158",""
"14.502797222","35.872119444","CABN_ZT_0159",""
"14.503172222","35.873133333","CABN_ZT_0160",""
"14.5036","35.874269444","CABN_ZT_0161",""
"14.503038889","35.875755556","CABN_ZT_0162",""
"14.512925","35.869230556","CABN_ZT_0164",""
"14.516691667","35.866441667","CABN_ZT_0166",""
"14.513297222","35.866086111","CABN_ZT_0167",""
"14.507477778","35.867788889","CABN_ZT_0168",""
"14.505563889","35.869077778","CABN_ZT_0169",""
"14.521633333","35.880127778","CABN_ZT_0172",""
"14.516666667","35.866666667","CABN_ZT_0173",""
"14.516666667","35.866666667","CABN_ZT_0174",""
"14.523372222","35.867444444","CABN_ZT_0175",""
"14.523722222","35.887497222","CABN_ZT_0182",""
"14.520775","35.888658333","CABN_ZT_0183",""
"14.508313889","35.851533333","CABN_ZT_0184",""
"14.489238889","35.862975","CABN_ZT_0188",""
"14.530038889","35.869791667","CABN_ZT_0190",""
"14.518866667","35.847505556","CABN_ZT_0191",""
"14.514980556","35.847308333","CABN_ZT_0192",""
"14.505602778","35.848205556","CABN_ZT_0194",""
"14.529813889","35.859811111","CABN_ZT_0199",""
"14.520886111","35.867386111","CABN_ZT_0200",""
"14.526116667","35.854733333","CABN_ZT_0201",""
"14.541597222","35.881905556","CABN_ZT_0205",""
"14.518305556","35.869969444","CABN_ZT_0208",""
"14.514430556","35.869825","CABN_ZT_0209",""
"14.537666667","35.871530556","CABN_ZT_0210",""
"14.536322222","35.870952778","CABN_ZT_0211",""
"14.525433333","35.890394444","CABN_ZT_0213",""
"14.532361111","35.860227778","CABN_ZT_0222",""
"14.501661111","35.848027778","CABN_ZT_0223",""
"14.521816667","35.873463889","CABN_ZT_0224",""
"14.519747222","35.890583333","CABN_ZT_0230",""
"14.52146380650233","35.88236811749491","CABN-ZT-0056",""
"14.52327308202997","35.88411277775524","CABN_ZT_0175",""
"14.5225543327649","35.88610052705037","CABN_ZT_0057",""
